	sample_0	sample_1	sample_2	sample_3	sample_4	sample_5	sample_6	sample_7	sample_8	sample_9	sample_10	sample_11	sample_12	sample_13	sample_14	sample_15	sample_16	sample_17	sample_18	sample_19	sample_20	sample_21	sample_22	sample_23	sample_24	sample_25	sample_26	sample_27	sample_28	sample_29	sample_30	sample_31	sample_32	sample_33	sample_34	sample_35	sample_36	sample_37	sample_38	sample_39	sample_40	sample_41	sample_42	sample_43	sample_44	sample_45	sample_46	sample_47	sample_48	sample_49	sample_50	sample_51	sample_52	sample_53	sample_54	sample_55	sample_56	sample_57	sample_58	sample_59	sample_60	sample_61	sample_62	sample_63	sample_64	sample_65	sample_66	sample_67	sample_68	sample_69	sample_70	sample_71	sample_72	sample_73	sample_74	sample_75	sample_76	sample_77	sample_78	sample_79	sample_80	sample_81	sample_82	sample_83	sample_84	sample_85	sample_86	sample_87	sample_88	sample_89	sample_90	sample_91	sample_92	sample_93	sample_94	sample_95	sample_96	sample_97	sample_98	sample_99	sample_100
2596583559	377.5552832125317	0.0	55.0	2835.3435403431326	0.0	833.0	119.98251363695864	154.67974125691813	0.0	152.0	231.2963317191869	0.0	542.034211258653	606.0	525.0462440071126	0.0	1198.4934598349785	0.0	0.0	74.56341587034109	0.0	300.0	112.0	1111.3483757544388	0.0	0.0	0.0	0.0	0.0	1473.6848671853686	0.0	0.0	0.0	352.1051849201038	159.67131982529258	590.4752491467153	0.0	37.264309948231244	0.0	259.51710794144344	0.0	0.0	0.0	0.0	668.0	0.0	767.2912523804382	2571.21179193166	857.0	0.0	0.0	438.62311495387456	0.0	0.0	0.0	0.0	0.0	834.4002208284594	0.0	0.0	2078.7859829310028	0.0	778.0017826011893	0.0	612.0	924.374278241685	323.0	0.0	0.0	0.0	0.0	0.0	131.84577712553516	0.0	0.0	0.0	4429.824340027709	0.0	0.0	10.651659786175484	0.0	0.0	815.9413592595074	481.0	213.859016753871	305.45500388940644	899.0	0.0	0.0	75.1937872765916	528.2499081805516	91.64002294747591	3760.6630217169713	154.64365510413847	286.0	0.0	0.0	180.36435184897948	0.0	0.0	1002.9394348791269
2713897148	0.0	102.8750992669609	0.0	0.0	0.0	0.0	2725.7428002234997	4082.875807439432	214.10389088777086	0.0	1524.3649576557013	944.7160876577021	352.5292135146679	44.17761060453193	0.0	0.0	0.0	249.0	0.0	0.0	0.0	0.0	0.0	0.0	0.0	0.0	686.5436956512101	0.0	27.23150136111521	0.0	0.0	116.72982618765946	1829.1265207124113	0.0	0.0	1905.7686016662049	138.0	0.0	793.0	0.0	475.0	0.0	534.0	0.0	0.0	0.0	0.0	0.0	0.0	2081.6355740201734	0.0	0.0	0.0	42.0	0.0	0.0	0.0	0.0	831.0	0.0	466.0	1753.0028947882454	88.0	703.6565684876304	130.0	2372.2052144549	0.0	1605.7808218982805	103.5755494518412	0.0	22.95203095569106	0.0	1396.069260149414	0.0	0.0	0.0	14.174135642793006	266.0	560.0	74.0	0.0	0.0	49.60260400123109	0.0	23.4759001514405	506.0	0.0	0.0	0.0	580.0	0.0	1224.146572790314	0.0	198.2566793782492	0.0	0.0	0.0	0.0	0.0	0.0	0.0
2713897149	0.0	1484.3407530806837	382.4966578445043	12.659248698313805	0.0	0.0	58.69522386989191	617.7310277506615	650.3564936579268	0.0	616.0	0.0	0.0	0.0	967.0	233.26629298639358	499.6699077815728	307.0594120146418	0.0	0.0	0.0	0.0	931.0	211.7027781734215	0.0	0.0	216.64775400268067	2573.448813630532	199.69637475797168	333.0	430.74529572365674	141.0	0.0	0.0	0.0	98.48552119885267	436.0	1250.31803041524	192.15454706700277	11.079765862826	0.0	0.0	0.0	149.43736973741107	245.68042656340765	0.0	0.0	0.0	0.0	0.0	492.2057915880125	0.0	0.0	0.0	479.0809043485636	0.0	0.0	137.7838668195304	0.0	305.0	24.93637861838956	0.0	297.6655880792549	0.0	163.7964165594376	2513.7077798483224	472.0	0.0	51.68655841204253	2539.9467670215167	0.0	0.0	511.94816528256985	0.0	0.0	1587.7202817134603	0.0	864.3998359728163	0.0	0.0	0.0	0.0	0.0	0.0	0.0	818.9309363405151	90.56732676596103	0.0	0.0	0.0	909.0926573994813	279.0693396088927	543.0	0.0	1837.791772308321	0.0	0.0	239.31565039931908	0.0	0.0	0.0
2862993130	789.3332906246917	133.68347316450195	0.0	188.0	0.0	0.0	428.53946024332964	612.0	3869.460186522396	0.0	0.0	0.0	321.8609635684878	606.4892547654083	1243.7598446676923	0.0	0.0	0.0	0.0	0.0	0.0	0.0	0.0	0.0	93.09786263230102	0.0	81.25858636522477	0.0	0.0	0.0	0.0	0.0	0.0	757.0	0.0	1003.0912913326129	52.0	187.65452618035042	0.0	43.81074711429772	0.0	0.0	62.36235431882111	0.0	169.94767763536578	0.0	0.0	0.0	0.0	191.06539028286502	0.0	494.0	106.62319281135416	363.4202711317732	0.0	0.0	0.0	0.0	0.0	358.0	0.0	0.0	4368.012639481232	0.0	0.0	0.0	0.0	203.2292193784828	0.0	313.01768772963766	717.0	0.0	993.3447105098801	850.0	273.1471434402684	50.2354696282528	0.0	0.0	341.05164884227673	817.0	0.0	0.0	1104.3197971666382	0.0	97.4594773816473	0.0	558.0	0.0	142.67100306625252	45.0	675.0	48.71064318187849	0.0	0.0	364.4544513736562	0.0	364.93314190257865	0.0	229.57413642342442	0.0	0.0
2862993130_1	0.0	0.0	0.0	59.42057077212406	0.0	0.0	259.3648495144795	0.0	0.0	141.915642495734	0.0	0.0	126.65035610849432	0.0	469.0	0.0	1920.2480845770608	553.3854373552234	37.54227033463586	317.0	0.0	416.5879763763265	78.0	1104.1070638853066	795.0	0.0	0.0	0.0	0.0	0.0	0.0	0.0	0.0	25.634555630461236	233.15201596033552	495.0	521.0	0.0	0.0	27.340069824573646	0.0	0.0	1027.5144143463738	0.0	913.5528233928422	0.0	0.0	590.3982814846914	524.9040439639348	460.0	0.0	0.0	0.0	480.0	1799.0187446092098	16.574945553701674	2006.8453475945448	206.0	0.0	294.979601748277	38.0	0.0	0.0	348.0	0.0	0.0	3271.633968223865	479.0	844.2024516241147	853.0	0.0	450.1903173173448	403.7717278085423	80.0428393866812	0.0	379.81444072211815	1157.0144570621364	919.8234667330164	246.4229555847545	0.0	844.0	0.0	0.0	0.0	155.53823103807852	1856.88846733337	0.0	0.0	0.0	552.3318435607213	0.0	148.6691331234887	0.0	0.0	3.2580980132307324	0.0	871.8449908528702	0.0	0.0	0.0	0.0
2864733723	0.0	841.7200910684705	816.0	121.41836887384008	204.39958446220388	6537.479626753532	0.0	0.0	339.0	0.0	0.0	0.0	19.436344098867245	7.063967920836079	0.0	0.0	0.0	0.0	0.0	535.0	625.674687592163	0.0	0.0	227.0	0.0	0.0	53.354463406394295	0.0	0.0	0.0	218.09209643114895	0.0	529.0	0.0	0.0	0.0	2024.0958626651407	0.0	1.0	2501.804605892288	0.0	1289.6086437399633	0.0	63.0	127.94601871870768	0.0	0.0	0.0	0.0	0.0	0.0	0.0	699.0	0.0	0.0	1170.4831292738338	495.0	0.0	0.0	0.0	0.0	1194.477350120028	0.0	0.0	0.0	0.0	686.5479284127352	495.60687137533813	0.0	84.57705187939487	54.0	0.0	973.0	0.0	0.0	1448.2342601109501	0.0	0.0	0.0	1149.8160429218794	0.0	0.0	977.0	0.0	0.0	1044.4776922862245	979.2258502895228	0.0	0.0	0.0	0.0	0.0	130.7135311339125	0.0	1037.601861319968	269.1272866413987	754.5670211677915	430.0	0.0	0.0	1337.8361809495375
2865198370	542.0110533909121	0.0	831.8373253341646	0.0	0.0	0.0	0.0	0.0	0.0	0.0	0.0	282.0399909040382	163.13996890715794	6983.505970037558	1727.9763628277567	749.11137971644	0.0	0.0	0.0	0.0	816.9430625474874	0.0	0.0	0.0	210.50748270292283	705.0	0.0	777.6937111658349	0.0	0.0	367.0	0.0	0.0	124.63717231774825	6612.781094890852	0.0	0.0	361.2191669197591	508.05910411149875	0.0	0.0	0.0	0.0	0.0	0.0	1603.8864214788425	0.0	6194.1958441478755	0.0	0.0	0.0	330.0624823356707	175.39558026401582	0.0	172.73127282244027	0.0	471.67257462013544	708.168161113034	0.0	216.96125759784485	0.0	0.0	17.388630928939772	0.0	0.0	0.0	0.0	102.20279082355823	0.0	0.0	127.32605362695854	203.5252517260968	0.0	1554.881283541216	0.0	0.0	261.4366018397861	0.0	212.98422277705964	0.0	0.0	0.0	0.0	0.0	0.0	0.0	286.9981365683953	0.0	1254.5146736655397	2098.197612002442	202.0	0.0	113.0	0.0	547.340098677136	1049.2067684557417	1736.7865663750492	0.0	0.0	2599.796677896723	0.0
2865208175	0.0	0.0	99.81209050212158	2842.383763417214	209.2500614193761	183.76911430363776	775.0	0.0	117.94208627781894	257.0792450080635	1163.9375781322417	710.706887690202	2113.2497621504376	0.0	838.5924524295827	1138.1740292965571	179.9338685937146	0.0	0.0	477.95169905921324	740.0	0.0	0.0	0.0	0.0	0.0	2319.1587827694984	0.0	597.0	201.2981565876593	822.1040781996107	0.0	70.0	83.0	0.0	0.0	524.4983877338038	0.0	0.0	153.12971847094815	0.0	754.4066367314559	0.0	0.0	0.0	104.0	400.4933356275865	0.0	0.0	0.0	0.0	3824.6745189973	72.31646945543673	0.0	126.29345536387396	227.0860358912136	0.0	376.0	0.0	0.0	0.0	0.0	372.0	0.0	0.0	0.0	0.0	1133.5767078489612	0.0	0.0	0.0	492.0	0.0	498.9119313256493	0.0	1010.1619381079889	0.0	0.0	2668.7804871376093	0.0	0.0	1110.5538519325833	0.0	260.02724341975085	0.0	61.632685322958984	0.0	0.0	799.0	380.0	264.1061022271035	0.0	0.0	0.0	0.0	985.0	696.2841145192782	0.0	0.0	565.099751524845	576.0663825363043
2865306879	0.0	0.0	1993.7373840078246	240.5636669571842	0.0	146.0	109.0	423.75299651875577	0.0	3351.30740714696	0.0	0.0	0.0	0.0	409.31468289053566	0.0	0.0	879.2092985427735	0.0	0.0	172.53497032544456	78.54465749540286	1517.3183874043054	506.0	0.0	730.0	0.0	0.0	0.0	0.0	557.6098820662315	0.0	0.0	0.0	0.0	0.0	337.39565190829757	0.0	210.39451999635295	1084.2413827520998	212.13831602065085	422.75987172281214	0.0	0.0	1905.96441609456	18.61345697584978	315.11705156355316	0.0	756.0	678.3626970244009	0.0	0.0	1391.3090201329328	781.1604277067773	0.0	0.0	386.12532373657297	0.0	0.0	223.51022567479964	0.0	0.0	0.0	476.7492718548847	344.0	0.0	0.0	0.0	0.0	534.9831952225423	204.41201019368762	530.0	370.63896063954485	0.0	495.1552325959801	0.0	898.8272325502883	566.4010880216421	0.0	547.0	0.0	0.0	0.0	0.0	0.0	838.0	0.0	0.0	229.0	260.5651896404261	0.0	794.0	0.0	0.0	1116.4383040997934	209.0	726.5543027941968	0.0	1248.2424350447907	0.0	0.0
2865306879_1	216.42461216315587	120.94548104694245	0.0	0.0	92.55300568275895	0.0	0.0	0.0	0.0	635.5111305465695	0.0	0.0	0.0	2405.3587411745925	0.0	20.11565686352623	0.0	0.0	0.0	0.0	619.4105829947113	948.0	1617.45021530573	526.0	236.67098902142612	0.0	0.0	519.0	0.0	3254.1373895518423	0.0	541.070148820328	0.0	0.0	0.0	0.0	0.0	0.0	725.2233716951786	73.0	1727.8647197757532	0.0	734.0	140.0	0.0	0.0	0.0	0.0	0.0	93.54710605389882	3807.3755894555925	368.58844687241185	0.0	64.56199175649209	0.0	0.0	945.0925927998194	0.0	0.0	0.0	2838.4272131993366	925.5835703083144	0.0	153.41083157670818	0.0	0.0	1175.420094270711	0.0	0.0	0.0	0.0	0.0	35.3178327200851	0.0	0.0	123.00715649713345	259.71903829845746	0.0	0.0	0.0	0.0	1242.7683657046673	151.42090649445942	345.4240175170612	0.0	0.0	0.0	1194.2463715360288	0.0	0.0	0.0	0.0	861.8945568703894	0.0	0.0	0.0	0.0	574.4292750943632	3529.9081216418354	0.0	0.0
2865376297	0.0	652.3194781007021	0.0	875.8781051533775	0.0	0.0	0.0	379.2700765361826	0.0	0.0	142.00107788230798	829.0	0.0	94.0	0.0	0.0	140.2912352376997	0.0	0.0	1759.1546225994814	680.1156164818276	0.0	0.0	1063.7548471362204	0.0	0.0	320.93150493967846	0.0	0.0	0.0	0.0	150.15547135414414	216.1490526715493	0.0	495.78211469821645	790.5679213662502	554.0	0.0	519.1703349202727	35.37213530847526	953.0	0.0	575.3656968481858	46.0	0.0	49.57229448110391	321.5186386265978	301.25473577076775	305.51705821899236	167.94514335837636	0.0	44.579156094556566	230.27582868794445	0.0	0.0	0.0	343.3829399171414	394.86002852449724	0.0	573.6530811888059	0.0	0.0	929.4873631363245	0.0	0.0	0.0	3341.059946867634	0.0	0.0	117.88263152327728	0.0	0.0	132.5263369017032	0.0	1189.2071599121773	0.0	0.0	0.0	0.0	911.0	265.11816794298664	288.687954413624	0.0	46.34518662763301	286.0	0.0	0.0	1811.0025968607556	244.02270345967202	0.0	0.0	325.30527450571253	0.0	3007.205021757527	556.9285507065247	0.0	0.0	0.0	429.72589323508964	0.0	0.0
2866065130	0.0	741.0	0.0	408.0365216695233	0.0	374.5040051019919	0.0	0.0	314.94742542624147	325.58409409400946	0.0	164.2383962880084	0.0	0.0	0.0	629.8788014812786	0.0	1206.1931634872399	607.0	0.0	0.0	0.0	14.187159903068922	0.0	0.0	632.1943363548772	84.255996436912	0.0	0.0	224.02763726587858	38.11963686108165	0.0	612.4852138133641	0.0	0.0	0.0	850.0	202.1478855813445	0.0	0.0	0.0	89.1600688485848	0.0	0.0	0.0	724.0	912.4663063456339	0.0	548.5463427280973	0.0	497.0	132.3655731363481	0.0	0.0	57.712455941361355	0.0	627.4301912958151	708.6716663234574	366.17400802184136	396.15340430940455	0.0	0.0	0.0	213.0	681.0	0.0	0.0	0.0	162.56264449956345	0.0	0.0	376.0	0.0	396.0	147.28346858176877	0.0	0.0	0.0	165.0	0.0	156.73033823790885	86.0	338.29432361604466	0.0	0.0	0.0	0.0	0.0	0.0	347.45983630619264	207.0	191.0	0.8201272005550412	57.43478797763941	0.0	2401.069137221213	1894.3396693826944	0.0	0.0	2138.6982569523648	0.0
2866171335	0.0	67.27988126537493	0.0	1244.7463603242984	631.6614781645205	0.0	0.0	370.20820894692014	254.0	0.0	407.0	0.0	0.0	0.0	4.711018006002643	1106.3832167891046	1493.888564647425	0.0	23.824175546855496	0.0	289.0	547.0148586929249	0.0	251.01035616402595	0.0	0.0	123.0	0.0	90.97835976291026	0.0	980.8322209690735	112.05914128381839	0.0	361.57561355162863	74.75033773520512	262.4349386683653	778.0463568944188	106.21237156211932	1918.899659420723	0.0	0.0	174.83261688364482	0.0	329.0341684608906	0.0	0.0	0.0	1139.6318394784807	1908.7658312858657	0.0	0.0	0.0	0.0	0.0	0.0	517.8363527728179	58.07460153481782	0.0	782.5815972779719	0.0	440.26424544709613	137.40987743259853	257.0	0.0	0.0	366.14215881667957	406.8545407189973	314.54535458220636	259.0	132.6626057307299	110.95839108646307	0.0	649.0	489.2943772271643	0.0	0.0	0.0	839.0	700.0	0.0	263.8807865121842	398.6366809047016	822.0	0.0	0.0	582.0	0.0	0.0	0.0	0.0	106.426712397983	0.0	1283.406114912003	839.5461195524589	0.0	224.39591072820159	0.0	66.64269094206011	0.0	76.04947066271424	0.0
2866231997	900.0	0.0	560.5657166447314	0.0	534.7426568875837	0.0	0.0	389.8624394676457	236.41971028131485	0.0	0.0	469.65268069519857	268.0	0.0	113.85610069185262	190.0	871.0	45.43061241176596	978.0	0.0	0.0	14.877368917946482	0.0	0.0	0.0	0.0	0.0	1289.7613107010973	0.0	0.0	677.6435416507362	373.0	498.9826790776336	229.0	0.0	245.4041784025225	1710.0210781516882	431.0	0.0	0.0	422.3509620691696	0.0	0.0	0.0	0.0	524.400172090602	0.0	0.0	0.0	0.0	0.0	357.88507998961666	1151.0374450561233	0.0	0.0	0.0	0.0	0.0	1454.0882437120372	1291.7335503702336	904.1525976310555	0.0	0.0	0.0	0.0	0.0	0.0	0.0	266.71848237855374	0.0	258.23237756899147	274.8225209530729	0.0	901.0	0.0	528.9225795920421	0.0	342.9553676384606	0.0	0.0	28.84014750393484	0.0	0.0	2.7981963525799523	0.0	0.0	0.0	807.0	0.0	303.8030337842331	263.85211883138635	0.0	322.0	0.0	0.0	1615.558253631279	0.0	0.0	0.0	0.0	79.42707405675625
2866231997_1	0.0	0.0	0.0	0.0	0.0	0.0	279.34991636011233	0.0	52.653959273924265	0.0	0.0	515.3473313588427	0.0	0.0	2009.0110063023906	0.0	276.0	0.0	52.0	0.0	0.0	456.1614476785721	640.208123198157	578.902109283569	0.0	401.10505854309633	0.0	485.92537692942904	0.0	0.0	885.318944219756	1034.2010258250964	0.0	0.0	0.0	765.2415087723763	0.0	509.0	65.58414355629075	0.0	0.0	2091.9849898233124	0.0	0.0	0.0	1124.0285155926083	217.35241942219713	938.0	0.0	0.0	282.79701924709474	0.0	0.0	0.0	0.0	0.0	612.7723039188506	501.8621509943358	0.0	1425.955127609574	0.0	79.05148260420364	0.0	905.4683479832411	194.01934372266135	0.0	0.0	0.0	0.0	0.0	810.325255137863	232.87846658327138	0.0	281.8065000412927	0.0	0.0	207.85038357913805	0.0	0.0	0.0	0.0	1095.6263626409832	50.99401310757302	305.0	0.0	9509.049468275518	53.28012251300615	432.0	3420.147150300121	127.71332304377192	546.0	0.0	0.0	0.0	0.0	0.0	0.0	0.0	0.0	67.80795474024258	0.0
2866231997_2	120.89326026338685	0.0	0.0	0.0	1352.792724414001	1182.3962092923857	12.416746229298488	2300.5844077897336	0.0	2360.14475840589	0.0	0.0	0.0	306.74269013196954	0.0	317.0	823.3390367977054	0.0	2029.5556748194172	0.0	0.0	406.95268760169256	0.0	0.0	315.37041585855417	0.0	0.0	0.0	0.0	6.203078377109189	0.0	95.76765985095064	0.0	0.0	0.0	2899.409399618084	1247.5800897950212	25.236714562284927	0.0	89.57192026777169	0.0	1086.3181015758494	300.18258027898054	0.0	565.5561825212179	396.56520186244114	999.0	2587.0424294846084	0.0	0.0	0.0	0.0	0.0	0.0	230.0	77.26061937896924	157.049471406588	111.50736860044915	0.0	0.0	0.0	382.8121643587338	0.0	0.0	452.6343630233179	0.0	0.0	0.748027349667816	608.6231630713141	699.0	0.0	0.0	0.0	0.0	1161.9206350932204	0.0	0.0	0.0	0.0	0.0	0.0	0.0	0.0	1598.9840801742114	0.0	2126.262527137966	0.0	0.0	28.0	607.0	639.0	0.0	0.0	501.08774981537556	0.0	0.0	0.0	567.9055816193845	635.0	213.96679890461783	0.0
2866231997_3	0.0	0.0	827.0	0.0	0.0	0.0	0.0	0.0	0.0	0.0	0.0	0.0	0.0	0.0	0.0	707.1379357296277	0.0	901.7589852823219	0.0	1384.5762510136003	67.52360634993109	466.1638753418186	0.0	0.0	0.0	0.0	0.0	0.0	0.0	0.0	0.0	0.0	0.0	121.60039531477813	0.0	0.0	399.67564423539517	0.0	0.0	225.95067760487902	0.0	145.0	0.0	0.0	0.0	0.0	47.23416205007297	0.0	129.7824182179817	0.0	4164.78891433828	0.0	0.0	87.29667258000785	389.82810433325415	0.0	0.0	0.0	245.39834333899532	0.0	4135.520786468842	0.0	668.8762560484957	0.0	0.0	417.7245221340499	372.0	0.0	670.0	473.41782254433116	0.0	0.0	0.0	0.0	26.085240980762585	1737.7550156484488	101.7148581595166	0.0	0.0	0.0	0.0	66.29914820459777	0.0	0.0	0.0	398.3218746565695	0.0	1488.6007852179082	0.0	0.0	219.8499551507764	388.0	0.0	733.0	0.0	1712.559622006341	186.19294648035572	0.0	0.0	0.0	0.0
2866231997_4	463.0	271.81518157934295	1171.6419497799188	0.0	0.0	103.88576494098771	651.3316110911845	0.0	0.0	0.0	30.94963392266196	101.3281346821617	0.0	0.0	0.0	0.0	0.0	0.0	0.0	0.0	0.0	57.36621675476525	4107.702054131173	0.0	0.0	0.0	275.0	0.0	0.0	0.0	0.0	0.0	805.0	983.0	0.0	0.0	0.0	0.0	0.0	0.0	1132.536321392478	412.0	0.0	0.0	1363.4760091388036	0.0	406.2557795833988	321.0	2317.7291733313473	633.0	289.0340731792338	0.0	0.0	3413.721792683442	0.0	0.0	0.0	0.0	276.3594060655886	490.6273425642246	0.0	0.0	0.0	16.099041357190494	339.87380483880014	2132.88484996707	0.0	0.0	0.0	0.0	0.0	0.0	0.0	0.0	0.0	53.0	0.0	0.0	0.0	0.0	480.84084000712704	252.54510288179026	0.0	738.0703336057934	0.0	0.0	0.0	320.6466634063796	852.4707153668736	0.0	1029.178383491611	580.691552957921	911.0	0.0	1898.3812990739912	0.0	0.0	530.3589288835191	953.0	252.43435365765873	0.0
2866231997_5	345.57563289929345	0.0	0.0	0.0	668.0	0.0	2219.2216387830667	549.8384201691398	0.0	0.0	697.0	0.0	0.0	587.0	0.0	0.0	0.0	892.6509192451553	0.0	0.0	183.63849851565317	0.0	0.0	0.0	3285.808910080864	0.0	0.0	506.9343474709945	131.9571393335953	56.46678547421372	0.0	0.0	0.0	0.0	954.386446756809	0.0	0.0	0.0	99.0778029775947	839.0	977.6637280074586	0.0	0.0	203.64026081006458	171.0	0.0	0.0	0.0	442.0	773.6701382319291	0.0	0.0	1259.0335511781316	0.0	855.0	190.27179917188857	0.0	620.6248209974295	26.83251285691725	0.0	1079.2258214142034	0.0	174.25541236374642	0.0	0.0	374.9604890024181	0.0	0.0	0.0	0.0	18.617951778594975	129.52765908615126	0.0	1311.7077804273029	0.0	58.0	335.306794451985	201.7137057150602	0.0	424.9240280320107	642.2618161429112	0.0	0.0	0.0	0.0	0.0	0.0	800.0889752588241	0.0	829.3814061821698	999.2436133014488	0.0	62.46400158022312	778.296916767843	0.0	0.0	0.0	529.9890981787895	0.0	0.0	912.0
2866428463	0.0	0.0	0.0	1339.8540812751585	212.39837961348525	0.0	0.0	970.5544832695507	0.0	0.0	0.0	0.0	0.0	0.0	0.0	0.0	537.8400485153475	0.0	0.0	0.0	0.0	0.0	639.0	0.0	1029.3418567471651	0.0	0.0	491.0	1119.6022271862348	511.6314289830326	0.0	0.0	0.0	1133.342954663495	0.0	193.20454678659124	0.0	187.1916473249402	572.5219483732059	0.0	0.0	0.0	0.0	1399.856653190485	467.0	0.0	291.856044232631	0.0	955.478239981798	0.0	0.0	31.0	0.0	0.0	0.0	75.63065517694504	219.17330311945122	0.0	0.0	0.0	657.2657273394036	200.61969328451488	14.060845674356443	0.0	418.75921106874716	788.3823015648791	0.0	0.0	1366.4384695987067	0.0	0.0	0.0	54.58775291549015	1324.6113159484626	1117.2577564764363	0.0	144.0	323.9081372905169	0.0	1462.1024270525534	761.632130822592	667.1703419466277	0.0	0.0	0.0	902.0	325.8317076465361	0.0	0.0	168.23014914232272	0.0	0.0	0.0	0.0	798.0	1369.245155952431	855.6650958983845	548.4529849048612	0.0	719.0	0.0
2866971023	762.6510348794709	815.0	759.4095270234919	571.6870649973395	872.0042314274946	682.0	512.7753328099494	0.0	0.0	0.0	0.0	1108.5737401491197	0.0	437.92955050466986	0.0	0.0	0.0	0.0	0.0	31.328961047730598	0.0	0.0	0.0	190.0	476.0	194.0	1.0881076108297403	0.0	0.0	0.0	1795.4258788630386	0.0	0.0	358.7895670137758	354.63146369052134	643.0	0.0	471.0	459.33153344208085	0.0	776.0	2223.7529129396657	3944.93728684313	0.0	0.0	0.0	0.0	445.15072071633676	0.0	45.22001865859609	0.0	0.0	0.0	0.0	559.0741205780132	386.29312707539555	0.0	0.0	0.0	736.5540007659581	341.0	0.0	0.0	726.0	1330.577946253504	0.0	62.0	5219.542704573298	0.0	0.0	576.0	348.86227256155104	1456.057872831773	1222.1875706935234	0.0	940.0	0.0	0.0	0.0	0.0	759.0	1372.1098310916434	0.0	1212.1404151603053	735.658466446567	1483.9139559055186	0.0	28.68250051650655	0.0	0.0	0.0	0.0	1712.0136415498548	0.0	0.0	0.0	163.42129501734644	190.11500333042582	380.01149408981166	0.0	443.0
2866971023_1	950.0	0.0	0.0	0.0	0.0	1460.533320867618	167.159938129824	5598.094877490319	0.0	408.0	655.0	1975.510277099678	0.0	0.0	1984.3074673576662	0.0	7.318304077015471	139.7375140102717	0.0	779.246279030295	0.0	0.0	0.0	426.49355661638964	0.0	740.425540620405	0.0	25866.68567775229	1129.0521233908485	1261.0278072886283	30.035311966628463	0.0	0.0	64.30608865372115	189.45747933534352	0.0	0.0	0.0	174.0	0.0	0.0	0.0	672.0	0.0	0.0	0.0	413.0	145.0	0.0	557.0498217382942	58.53799079956888	0.0	513.0	0.0	0.0	1118.0863218436243	0.0	466.6610154128755	0.0	0.0	696.7475701066588	20.0	0.0	0.0	842.0	0.0	0.0	0.0	0.0	0.0	463.0	0.0	0.0	432.70328243731376	0.0	0.0	0.0	301.3960119591571	0.0	1107.3467447049318	0.0	851.0	233.84043503873372	0.0	0.0	0.0	1478.3077854282992	0.0	0.0	0.0	113.15065633866483	0.0	0.0	310.24012886649746	782.9946710067466	0.0	0.0	0.0	4.300593211406768	729.0	0.0
2867312974	0.0	0.0	0.0	0.0	679.7050529365097	0.0	0.0	0.0	733.8399942081701	1625.1002346616647	0.0	0.0	0.0	258.23715182652467	0.0	0.0	0.0	68.0	0.0	0.0	0.0	565.0	746.8717220923868	0.0	37.9787937357602	0.0	0.0	153.6264859588896	0.0	0.0	1968.9552293704414	0.0	0.0	294.3700706384597	796.670084585848	0.0	0.0	665.1460228015607	0.0	0.0	76.81276966298644	0.0	0.0	0.0	523.1061839729003	0.0	0.0	0.0	0.0	0.0	470.0	0.0	191.0	0.0	1029.972383367074	0.0	0.0	715.0	642.0	0.0	431.0	0.0	0.0	0.0	0.0	0.0	0.0	0.0	342.0	0.0	0.0	0.0	24.166820460023196	82.92065111635478	0.0	1777.293621836346	781.0	811.0	0.0	537.3244709118071	0.0	0.0	0.0	0.0	0.0	0.0	0.0	0.0	0.0	0.0	531.3986561043872	391.0	0.0	0.0	635.5493679354669	674.0	704.1625596519926	290.57050103627114	4160.044922344092	18.636897698258263	336.86722894327244
2867319477	0.0	709.4227976290515	826.790046945329	404.8493897086496	176.0	0.0	925.0	1009.6177679987481	468.5341216800126	0.0	0.0	0.0	59.64885334977123	982.0	0.0	0.0	0.0	0.0	618.0	0.0	1174.8701521012142	0.0	1728.2830327748054	393.87552814210136	898.0	0.0	0.0	0.0	527.1960755219764	0.0	0.0	0.0	0.0	0.0	1044.3168048696589	139.90255526186226	159.76173123887426	0.0	0.0	0.0	0.0	0.0	542.0	0.0	0.0	0.0	0.0	0.0	0.0	0.0	523.9911845569662	722.0	1231.7651677328533	0.0	64.01164603198414	387.0	0.0	0.0	75.0	517.2710210455979	0.0	0.0	335.2108203228318	0.0	0.0	0.0	0.0	0.0	0.0	0.0	233.0	0.0	0.0	466.0	0.0	0.0	0.0	0.0	0.0	466.50769464604315	839.0	548.362743393101	0.0	0.0	398.39139953772843	0.0	0.0	296.5751696681784	0.0	0.0	169.2079691747671	0.0	516.0	480.9322739276667	0.0	169.03130338176788	0.0	0.0	0.0	214.55758711001533	0.0
2867339791	0.0	0.0	0.0	762.0	101.0	0.0	0.0	224.00100772451896	0.0	407.3593730449883	471.0	0.0	0.0	0.0	205.83098369340937	469.0	0.0	605.3992080438867	0.0	874.0	711.0	0.0	0.0	570.8747831195242	9044.978408659817	532.9895878029816	1546.9662932024466	6183.219422916949	0.0	0.0	0.0	0.0	83.61890884046497	0.0	539.0	491.2670579571931	0.0	0.0	0.0	0.0	181.28093692746475	0.0	834.40748546538	928.021961118652	637.0	0.0	722.4020887822729	0.0	0.0	0.0	912.0	640.0	0.0	1455.5776049941774	0.0	153.43841782383106	170.0	2106.6071431619375	201.4852561646771	1521.405302186141	0.0	926.0	0.0	1710.4688621103824	0.0	0.0	0.0	0.0	53.0	429.50413050988703	0.0	0.0	0.0	0.0	0.0	834.0	1103.3731311247868	201.0	0.0	0.0	0.0	839.5970155804225	792.7634286135726	0.0	0.0	305.48195945553243	0.0	0.0	0.0	251.46886625037743	0.0	0.0	1146.0368427056567	0.0	1288.024863286016	1621.1689585612178	0.0	0.0	0.0	185.65777761256362	0.0
2867346516	0.0	0.0	645.3768619469628	7017.473438756973	0.0	0.0	382.3304454166245	0.0	0.0	281.85137796380906	2219.914406480511	973.8047378206422	0.0	40.667526287934365	407.8347687578379	0.0	0.0	336.4185528088486	0.0	0.0	0.0	10.486200982958056	260.0	0.0	181.77126128173876	0.0	0.0	616.0	0.0	0.0	863.4548491703645	0.0	15.612353077017092	254.98742265457022	1881.874149725089	0.0	111.30396521940949	627.0	0.0	0.0	0.0	0.0	541.8853425822778	128.65603840025105	0.0	0.0	0.0	352.0290352442329	569.1165812921392	0.0	0.0	0.0	0.0	0.0	0.0	0.0	4391.897213365882	4359.4517498556925	697.5236861465633	0.0	962.1112068086171	346.40631522785935	1.0202057905532043	981.4413379080809	1401.6978745155898	0.0	0.0	376.49004233091216	1534.4059533223447	35.884275061413994	520.5609678073463	0.0	0.0	0.0	0.0	230.9957774932459	0.0	900.0	350.43384526128904	836.0	0.0	581.0	0.0	0.0	0.0	0.0	0.0	0.0	0.0	0.0	282.6123644352594	0.0	409.88941930540716	1471.3337603521238	1501.5026134670425	0.0	0.0	0.0	0.0	781.9967179231816	0.0
2867428634	0.0	0.0	0.0	0.0	0.0	189.96259436400285	0.0	779.0	0.0	871.3282161430989	210.8191043025321	903.7366285095649	0.0	632.2590302904055	0.0	0.0	0.0	526.3846812592636	229.0	0.0	125.38655541471958	343.4213320374829	0.0	0.0	1523.2514053696264	637.0	0.0	506.7172894611568	0.0	0.0	367.19101515727505	756.0	175.6125196482483	0.0	0.0	36.0	0.0	0.0	0.0	0.0	0.0	267.19505301264485	43.0	0.0	0.0	168.7528728784912	0.0	854.1683281792012	853.0	0.0	0.0	0.0	407.65247700682704	3.0	833.0	0.0	16.665787682631066	0.0	0.0	0.0	0.0	0.0	2755.563444399515	2348.242709201805	0.0	0.0	0.0	0.0	0.0	94.62074581603245	0.0	5244.049681429154	0.0	0.0	835.2604733551486	501.11867709807314	0.0	0.0	630.0	0.0	0.0	0.0	0.0	0.0	0.0	648.6351091837173	0.0	1266.4400037501891	287.7642926932331	31.829619365305422	435.7036892617112	568.5507299726972	0.0	345.7957606339744	0.0	10.25438097956596	0.0	315.0	0.0	0.0	0.0
2867442953	0.0	0.0	0.0	48.12183216341037	1252.6382923068297	11.284261509224912	0.0	0.0	0.0	479.8914145393321	277.4840695151028	0.0	0.0	0.0	0.0	852.0	200.1099023538033	0.0	0.0	991.4294809956284	0.0	0.0	0.0	0.0	167.0	0.0	13.97882245966229	479.4811880266132	0.0	81.0	2105.933084048227	222.0	0.0	307.3832562281988	191.8779169923192	2015.8811841304805	0.0	195.93248996964618	0.0	0.0	0.0	0.0	0.0	0.0	0.0	0.0	0.0	238.8748496363819	0.0	0.0	581.0	0.0	0.0	0.0	389.1252908846631	0.0	0.0	71.97290516906644	350.0	0.0	0.0	80.85340203927099	0.0	500.91615262621224	0.0	165.01706984253488	5537.513045014092	190.99789619931852	0.0	0.0	2368.638791823405	618.0226289481787	0.0	0.0	0.0	0.0	0.0	186.95803809539984	140.0	0.0	0.0	0.0	567.0	0.0	0.0	0.0	3.0757103924062585	1492.4383642187765	802.0	0.0	0.0	272.7349867623883	0.0	0.0	81.46384376051229	861.0	0.0	0.0	0.0	0.0	0.0
2867580314	566.0	386.0	0.0	0.0	1053.5475033634384	0.0	0.0	0.0	0.0	726.0	0.0	0.0	34.0	557.524933464624	302.0	0.0	0.0	0.0	0.0	33.504737965780336	0.0	0.0	0.0	0.0	700.0	0.0	10.217231175863281	0.0	0.0	853.0	774.0	0.0	0.0	0.0	3875.2875031853337	0.0	130.1031370825302	0.0	214.28858767273996	0.0	1018.9967249665701	420.53353117106315	653.5504492669494	0.0	624.3216369968435	0.0	823.0	476.3184235256231	2895.6943622455365	0.0	1.9785915981074869	639.5547269872633	236.6137902588919	0.0	0.0	304.0988448458405	0.0	0.0	153.81000936536216	0.0	0.0	0.0	436.0	0.0	608.2871143839241	756.0	0.0	0.0	0.0	319.0	0.0	0.0	0.0	0.0	496.0	0.0	1351.3488071662944	0.0	394.0	186.40679356361645	0.0	0.0	0.0	98.50116437689778	0.0	1037.9674084437017	771.0	3.4243715227755813	0.0	0.0	0.0	0.0	0.0	4395.805721755804	0.0	0.0	0.0	0.0	0.0	0.0	0.0
2868088558	0.0	19.432946447965602	97.24648279949379	532.4037688087064	0.0	0.0	0.0	0.0	0.0	0.0	0.0	0.0	0.0	0.0	1252.145836252638	133.9603111888736	390.0	0.0	0.0	0.0	0.0	0.0	0.0	631.8222759491293	0.0	46.0	0.0	107.57101875785757	999.0	715.0	448.0	0.0	0.0	557.8881266604595	1382.2963072638288	0.0	0.0	0.0	0.0	0.0	0.0	0.0	0.0	0.0	0.0	29.277004180490877	0.0	0.0	136.2259907731963	0.0	0.0	108.07313157926562	0.978950932264422	83.9752887891092	632.0	138.0	0.0	1311.3859862539086	14.052816190302662	426.0	0.0	0.0	131.2319650401683	0.0	46.432555566530425	36.0	510.7170602544083	0.0	925.0	0.0	0.0	0.0	0.0	0.0	0.0	0.0	515.5708887568368	193.0	0.0	669.8502196674899	0.0	0.0	1391.8206715993445	0.0	140.89201106309267	0.0	2371.9752662545993	0.0	179.5384170793386	1955.0810310098238	0.0	1113.0748946476408	0.0	997.0	0.0	0.0	144.84457051939896	0.0	0.0	0.0	0.0
2869169390	122.0	0.0	809.7158707743745	0.0	0.0	1889.6573798611564	0.0	0.0	0.0	673.0	0.0	0.0	0.0	0.0	0.0	0.0	1512.1327791859499	1879.768731548584	145.61463415399675	66.0	0.0	286.80637757292845	310.57695748869713	0.0	0.0	0.0	0.0	983.1650904824121	951.0	66.65121106347361	1754.7924798119584	0.0	0.0	0.0	0.0	0.0	0.0	1155.487670597272	1170.3175408848606	0.0	0.0	244.97285882706987	644.6089798864787	0.0	0.0	12690.642781830531	0.0	0.0	0.0	0.0	0.0	1297.9959773883636	185.08656525533266	779.0	0.0	0.0	0.0	149.37194200669376	0.0	1218.3925542771233	0.0	0.0	0.366241605807661	0.0	0.0	0.0	0.0	0.0	0.0	818.0	0.0	0.0	143.84103935203734	0.0	0.0	0.0	174.40872604477033	3242.5982110681784	89.31652694715038	21.74441473428122	1189.1310152389508	0.0	0.0	228.0	418.123502959829	0.0	144.19814180420576	0.0	0.0	0.0	12.563146699841768	0.0	0.0	395.019902401173	0.0	0.0	0.0	849.0	671.8322344736483	45.04275730503508	221.0685474366189
2869221657	0.0	0.0	1531.3180141651278	0.0	0.0	641.2347237832334	52.82181761283018	0.0	0.0	0.0	366.2507034156513	837.6222879420562	0.0	0.0	0.0	2293.9304758246844	0.0	0.0	0.0	0.0	1346.0237541610954	0.0	266.94891469711615	0.0	10.750836254099676	9.01878403540419	47.59571773284684	0.0	236.99216054788272	958.0	130.38118682048673	6298.328089541631	0.0	681.1983738031943	0.0	0.0	0.0	990.6186854598232	98.00799703325305	426.07637860901275	0.0	0.0	0.0	1946.0249000996264	0.0	0.0	0.0	0.0	0.0	0.0	398.5042099666354	1290.1838564559512	0.0	0.0	0.0	0.0	0.0	0.0	0.0	0.0	111.0	790.0	0.0	694.0162664477044	0.0	391.77808492622916	647.0495793280592	0.0	0.0	72.0	0.0	487.3045388613822	0.0	81.17089634150744	0.0	0.0	0.0	1430.0056663972175	0.0	0.0	0.0	1170.5542061012611	0.0	16.0	0.0	0.0	0.0	0.0	0.0	0.0	54.639477941282536	0.0	0.0	0.0	56.0	956.0	0.0	0.0	0.0	633.0	537.5203001113038
2869234852	1170.856769257462	437.0	0.0	0.0	0.0	0.0	0.0	0.0	0.0	41.16320912982052	1009.5886043043148	763.988103745994	163.24728953696533	160.38132210212228	0.0	0.0	0.0	0.0	1417.7331105222897	0.0	90.75326940290815	0.0	557.8229313150429	0.0	0.0	0.0	0.0	0.0	0.0	2801.16748423178	0.0	2049.905262985123	0.0	0.0	0.0	0.0	0.0	0.0	0.0	0.0	368.9518972537631	84.55928898812746	0.0	720.6875008128327	0.0	0.0	0.0	0.0	614.657605159068	0.0	996.7617021774728	0.0	0.0	492.0	0.0	0.0	443.0	0.0	0.0	0.0	0.0	68.79790346151567	0.0	796.0	0.0	0.0	34.44508861622002	358.80340447622984	0.0	0.0	0.0	478.0	617.7332795496418	637.488307489707	0.0	0.0	343.94009280604166	0.0	1093.6489928293756	2705.4874083588784	581.0	270.88626405851284	0.0	0.0	191.0	0.0	0.0	0.0	0.0	0.0	284.89228781743844	0.0	257.4745338065894	0.0	1432.6210031872072	0.0	0.0	0.0	124.0	0.0	875.0
2869242130	744.1697943601263	0.0	0.0	0.0	0.0	464.3415348880332	21.25159256738032	395.0	0.0	0.0	1367.030338786692	0.0	0.0	79.70784365362074	0.0	0.0	1173.3877638875463	1527.797785460976	0.0	0.0	0.0	0.0	0.0	0.0	7406.983609407253	463.27084013961354	0.0	550.7955998775451	298.4077141516705	0.0	0.0	0.0	2265.3096652358986	817.8703670848369	0.0	0.0	902.0	977.0899140865283	457.0	0.0	27.91223497675265	0.0	0.0	0.0	3.44293348585638	0.0	0.0	120.51233841353111	0.0	337.5994352811524	145.73701815360394	0.0	0.0	2059.562838289823	506.0	1401.1877703784664	0.0	0.0	0.0	0.0	2864.3571573461036	0.0	0.0	0.0	0.0	0.0	693.0217828117222	0.0	0.0	0.0	0.0	0.0	210.0	0.0	100.46179803520906	0.0	0.0	0.0	0.0	0.0	0.0	0.0	0.0	0.0	0.0	103.48621117557661	178.12559392090543	0.0	303.0	108.16077176208795	0.0	0.0	0.0	21.004286823762495	0.0	0.0	530.7738605151101	2998.1647025391644	184.4006166113552	0.0	0.0
2869249662	0.0	562.3219476948593	0.0	653.0	0.0	0.0	130.59514552803503	0.0	553.0	0.0	16.886922552880872	808.1784090985825	527.3964743806442	0.0	0.0	0.0	685.0	0.0	2103.334795120625	0.0	0.0	87.1942830119562	0.0	0.0	429.0405068097812	0.0	677.2847734518878	131.7871183168428	0.0	0.0	0.0	0.0	709.9839543233121	0.0	0.0	0.0	0.0	0.0	187.0	1238.3002016971316	126.20282924173527	0.0	0.0	12.487686799718793	0.0	0.0	384.2825341209131	0.0	0.0	0.0	0.0	88.20944181265433	0.0	0.0	0.0	1204.5254102309234	782.2132694907707	111.61906231723133	412.2787078326143	507.0	0.0	796.0	226.92018144533745	0.0	0.0	0.0	201.90935043972215	534.0	263.705031171125	0.0	0.0	0.0	0.0	0.0	209.30912742797105	0.0	0.0	616.8482593452222	0.0	558.8635555084517	262.0408508706803	0.0	319.3318721813933	675.0	971.0	208.56506757773425	134.18260240288197	0.0	0.0	0.0	303.08566680458694	3055.0340288775124	0.0	1031.4150218891234	232.0	479.46775130703566	0.0	1121.070924862394	118.71280250790643	396.4310471446034	0.0
2869249662_1	0.0	0.0	0.0	0.0	0.0	182.62089655287448	222.21060211461557	507.0	0.0	0.0	0.0	0.0	0.0	0.0	741.0	0.0	106.48517840873501	0.0	0.0	0.0	348.2489245259129	0.0	0.0	127.0	0.0	301.2366277108295	630.0	470.9131593967326	1899.0654209820325	0.0	0.0	0.0	0.0	31.0	0.0	0.0	0.0	0.0	0.0	0.0	2643.0250554369836	615.8084593810263	147.86882563075685	0.0	801.0	401.0	0.0	0.0	149.77346654055842	0.0	773.0	185.49947113174323	0.0	0.0	44.01573970414021	497.0177021810368	0.0	0.0	198.0	0.0	0.0	0.0	0.0	65.28814881325874	0.0	211.70005591506364	0.0	0.0	319.9726911482594	1210.5552834257546	0.0	0.0	740.0	2505.959397201536	0.0	0.0	184.41925916722116	0.0	0.0	501.0	0.0	582.6505372816509	727.738942013306	423.0	5.732588999321851	0.0	205.11917624194152	0.0	61.84900598863982	0.0	0.0	0.0	0.0	1758.1809415971645	0.0	429.6431285592017	0.0	0.0	450.61332814136017	0.0	0.0
2869256925	2242.7451609281434	0.0	0.0	728.0	454.4882071463308	666.0	0.0	712.2914866142846	0.0	1604.9901588666473	362.9371805776528	6379.222612266358	0.0	0.0	0.0	60.14400972076325	114.51825853927991	710.0	931.1085010270274	0.0	0.0	0.0	272.12899316054103	0.0	0.0	377.31485488703845	0.0	0.0	0.0	78.02858383514707	0.0	23.279270805296264	0.0	536.0418287550859	0.0	0.0	103.00851031962861	0.0	0.0	0.0	0.0	765.0	20.387868849263192	0.0	0.0	0.0	0.0	755.0	0.0	144.0	0.0	106.76816802154295	0.0	0.0	2057.0196876920895	0.0	0.0	0.0	0.0	401.0	0.0	0.0	491.0	482.9601936935924	0.0	28.498469818739466	0.0	0.0	523.9371582440798	0.0	75.96987614850316	0.0	0.0	0.0	453.0	0.0	0.0	0.0	25.46635341084122	0.0	0.0	0.0	0.0	0.0	0.0	0.0	0.0	0.0	0.0	0.0	0.0	0.0	420.31283137934724	588.0	0.0	0.0	864.0	46.666063254869236	0.0	35.990460759065364	0.0
2869264136	0.0	166.89766911044728	372.9153073974908	0.0	0.0	0.0	0.0	0.0	0.0	30.0	0.0	0.0	1214.2030718989595	0.0	0.0	32.21527238362176	0.0	0.0	655.0	811.0	0.0	0.0	154.35293454645034	0.0	0.0	0.0	0.0	0.0	696.7612723600168	0.0	542.0	703.4755380574921	707.2332272410179	0.0	0.0	0.0	212.7782356076137	0.0	0.0	0.0	0.0	0.0	0.0	0.0	1509.4300638672933	332.0	52.78296809199726	1007.3890123086413	89.72462710800427	569.972294203984	0.0	0.0	2584.2702931801487	627.9685138329609	64.66547032784364	0.0	118.0512346168757	0.0	2258.7766169291826	0.0	632.691797054355	653.0	0.0	0.0	0.0	254.0748303059242	0.0	0.0	0.0	0.0	0.0	101.81016893258318	0.0	0.0	385.283871516865	0.0	0.0	0.0	0.0	1657.7484632253206	0.0	0.0	0.0	0.0	75.77189284776641	1030.627368017179	235.0	0.0	0.0	620.7216090786092	0.0	463.7720836992694	0.0	0.0	0.0	0.0	0.0	0.0	0.0	0.0	279.8386810908803
2869271264	0.0	456.0	989.0	0.0	1021.1403452470554	229.0	343.2625528107176	0.0	2565.3811149022513	0.0	560.5787948166031	0.0	0.0	0.0	113.72084668504621	997.482305490717	0.0	0.0	0.0	0.0	0.0	0.0	337.13107539093215	588.0515427681162	435.6047511456228	1156.5091695248716	0.0	100.99096054962247	0.0	409.0814314673115	0.0	0.0	138.82974579519595	17.93217601679033	591.6273187193088	0.0	3133.950922583911	0.0	0.0	443.67582289052376	0.0	1462.9629715639912	0.0	633.0	0.0	1259.766365286019	0.0	0.0	0.0	2453.2782864304063	1090.5964245695345	0.0	245.16388675524962	0.0	371.7403901958342	0.0	79.0	1280.6731764246335	0.0	0.0	1831.4709015235853	2042.7321933228145	57.63532478147697	0.0	0.0	24.056427205949433	0.0	0.0	0.0	0.0	484.0	890.7217488596592	552.0	0.0	0.0	0.0	0.0	0.0	0.0	11958.913923363121	58.87699554847812	72.0	0.0	0.0	0.0	2086.151288949049	0.0	0.0	0.0	0.0	0.0	0.0	0.0	772.0	0.0	3075.3061105291	0.0	753.0	0.0	0.0	0.0
2869278585	0.0	0.0	0.0	0.0	0.0	0.0	0.0	3579.956649823297	525.675354514467	0.0	0.0	0.0	788.7256667086447	0.0	45.262988742329014	0.0	0.0	392.8240015963377	0.0	0.0	0.0	0.0	397.1354245809791	396.768521430614	0.0	532.558291882001	367.6969490507343	110.79057964765288	704.0	864.0133894146284	0.0	655.2977209018255	0.0	0.0	0.0	0.0	0.0	133.90593749065846	0.0	998.0	602.0	0.0	367.0	454.88280517331253	747.0	987.0	681.2786854892938	631.1168415761477	0.0	53.14339461779097	0.0	0.0	0.0	0.0	0.0	0.0	0.0	348.7670523286096	27.0	211.88479291257295	0.0	0.0	930.3338048593423	1730.9633325320904	0.0	705.0	0.0	849.3211514502098	650.1696630889496	1823.3161664958452	2561.1665387988655	0.0	303.46284786797077	0.0	0.0	226.69975704130152	0.0	0.0	522.9893773819065	0.0	0.0	0.0	0.0	545.5203329112032	686.0246261565461	0.0	118.0	804.0	0.0	0.0	0.0	0.0	0.0	0.0	595.0	0.0	0.0	0.0	0.0	0.0	389.22072788962294
2869278585_1	0.0	0.0	0.0	0.0	866.2089686791903	0.0	0.0	0.0	515.287552345893	0.0	0.0	0.0	968.6865849005994	4.041948247768954	253.0	0.0	0.0	523.0	0.0	0.0	2846.633107747598	407.7160650534346	0.0	0.0	0.0	0.0	0.0	454.6007718365429	1143.1868430954312	632.3635033173009	0.0	453.0	1078.9326473871727	0.0	0.0	0.0	0.0	93.0	0.0	821.0	10671.25699757652	0.0	310.59744295209225	2636.6468829440437	0.0	0.0	0.0	0.0	0.0	2241.8902221145604	321.6186777527431	0.0	0.0	688.0237171524717	777.2175857118165	0.0	0.0	0.0	0.0	450.5823725252911	538.0	0.0	0.0	0.0	364.57415585376424	0.0	0.0	0.0	94.26651751041547	65.31219632049931	0.0	0.0	231.41448015429506	0.0	0.0	537.5303548684883	5077.3340209784865	0.0	0.0	0.0	0.0	470.01974947923736	0.0	0.0	0.0	0.0	0.0	635.9379370986819	193.22901559370467	0.0	96.19814820409987	0.0	1110.1914866335896	0.0	2489.33370611714	0.0	82.90902173121647	0.0	0.0	0.0	0.0
2869285874	0.0	1132.768281786273	0.0	0.0	0.0	0.0	0.0	0.0	1577.9425587584385	0.0	0.0	0.0	0.0	0.0	0.0	362.4413407714148	597.4449559120652	0.0	1056.8296875360463	0.0	0.0	0.0	49.24741413657619	230.0	0.0	0.0	992.4286238022879	3791.2459584636676	607.8424738578792	138.66093664157822	0.0	0.0	16.548206982440185	0.0	0.0	0.0	0.0	197.08017391941283	3495.3435580583705	0.0	255.0	720.5700536986902	0.0	0.0	6113.933342705546	138.82098644339288	0.0	950.0931506495998	0.0	0.0	1725.82765410859	217.0	0.0	200.27162795257377	0.0	0.0	0.0	789.0	633.7544839440717	0.0	0.0	640.822875808092	0.0	0.0	0.0	4979.115545988256	0.0	63.60202188871835	0.0	801.0	0.0	810.0793065824582	0.0	0.0	0.0	249.61739251697162	0.0	0.0	360.464668283965	0.0	1929.8252178575406	1017.7672990445483	1677.0729696478384	0.0	59.49403624142041	0.0	0.0	30.13124109531057	0.0	811.0	0.0	341.0	1784.6964193720087	0.0	0.0	0.0	287.0	861.5433563581325	0.0	0.0	2089.396632986464
2869285874_1	2824.296178143269	0.0	284.07964954427234	1654.077355060936	0.0	0.0	0.0	1230.1856559297682	0.0	0.0	690.561906353783	1557.2512234549129	40.0	0.0	1443.372927175744	8.0	0.0	1285.9984548247573	0.0	2246.459027929698	380.0	0.0	0.0	0.0	0.0	1195.8326006238458	322.48214590830156	0.0	47.0	0.0	0.0	0.0	462.7436513816675	0.0	61.77135042710394	236.7861551169976	0.0	1084.0104524149904	94.81936120500731	0.0	0.0	958.2260111107006	0.0	0.0	32.26785756033923	0.0	850.0	1465.2427423177091	849.0	1442.4509083151313	0.0	0.0	0.0	0.0	0.0	626.0	0.0	0.0	599.3048045116354	118.62649972990124	134.34100675963114	869.2380572581436	1439.0595304709504	0.0	808.0	531.574831203082	529.5714531339349	1809.6379864474138	0.0	0.0	0.0	0.0	0.0	107.25712900063378	267.1713470324665	1903.0320870936173	0.0	341.84960686438023	17.630837792055136	1217.3269932481883	187.51228663022385	1630.3342329991692	522.7517817307779	257.9390842251914	399.0	583.0	0.0	778.8421487946587	130.92492104395785	0.0	0.0	380.84550165740063	0.0	2638.721406758971	0.0	0.0	537.0	0.0	0.0	0.0	620.0
2869442540	0.0	0.0	0.0	330.03620334523043	0.0	343.2026544048918	0.0	376.0	0.0	0.0	0.0	0.0	122.91469343403871	92.17063246551638	0.0	573.0	0.0	0.0	685.7910253758449	0.0	0.0	319.0	0.0	2451.4628770253707	0.0	0.0	0.0	0.0	5194.0394452881355	757.0	184.19732028604355	0.0	1500.457115868757	328.0	0.0	123.0	0.0	0.0	0.0	481.8357743038407	487.3598773937346	145.5062740899718	208.628530527422	356.5176176954394	1699.74232622142	269.9569320842758	0.0	436.4828886347516	0.0	0.0	0.0	0.0	252.0	0.0	0.0	0.0	0.0	0.0	0.0	0.0	0.0	1289.6861655645266	89.56518852738996	0.0	0.0	171.97163041612876	0.0	0.0	0.0	0.0	539.1408042693831	0.0	906.0	0.0	0.0	978.45964285771	63.0	0.0	17.80846816891867	1526.8359480534737	0.0	0.0	0.0	724.8813453822278	289.68552587778396	799.0	0.0	0.0	0.0	0.0	0.0	0.0	570.0	0.0	0.0	258.0	119.0	688.0769707875268	0.0	482.77549136401007	502.0586956313577
2869478778	366.9445369428612	0.0	11.85299589501041	0.0	887.0	0.0	1633.833395745958	0.0	4681.371101179217	287.75785885977314	92.56650656801635	0.0	0.0	125.79506802293592	0.0	0.0	172.94704025500457	2270.9594966749587	0.0	3.0	1303.4754887124616	0.0	19.70447276240088	0.0	0.0	4463.18497164554	0.0	0.0	1314.0891980888193	371.80092903529044	0.0	876.4185397549726	528.0	0.0	6.367503834859079	0.0	352.06352179293765	1460.5440294985765	0.0	0.0	0.0	0.0	0.0	0.0	0.0	386.63756024711466	0.0	303.0	27.14456857695495	0.0	0.0	0.0	0.0	0.0	0.0	0.0	0.0	0.0	575.0	0.0	0.0	0.0	835.0	347.0	0.0	0.0	0.0	0.0	0.0	0.0	1188.97376618618	418.18070465256596	0.0	223.5881610843673	1046.7943099591005	504.88380285607496	0.0	0.0	0.0	0.0	1099.4191445120618	940.0	0.0	50.80324898155843	221.04196774609466	0.0	936.0	0.0	259.50859850976144	1404.4040978397709	0.0	0.0	1193.4748786238276	0.0	655.4467348382002	0.0	0.0	0.0	391.0	0.0	0.0
2869551831	113.59612223635747	1871.0110265578362	0.0	0.0	162.65650449770354	0.0	129.0	0.0	639.0	997.0374187239324	672.079815463321	0.0	0.0	746.0	830.0	0.0	731.0	267.7915999802573	56.81233573123611	0.0	0.0	0.0	0.0	74.43994527181651	0.0	773.5824958200811	6506.7598511756905	0.0	80.40372201474909	0.0	130.0	780.0	0.0	204.0	0.0	0.0	0.0	529.2750526840404	2112.552519282058	0.0	0.0	0.0	0.0	0.0	490.5821656710537	393.6725027920185	0.0	0.0	0.0	0.0	0.0	0.0	91.79042021437195	0.0	0.0	0.0	0.0	144.0	0.0	0.0	0.0	150.0	0.0	0.0	629.3050582328198	0.0	1148.7522064604066	0.0	52.25362919321326	95.24783854785063	37.78672360513881	907.3237797699354	0.0	0.0	0.0	0.0	487.0	0.0	86.97749260029252	638.3427626209145	0.0	0.0	0.0	0.0	0.0	217.03840103558463	0.0	0.0	0.0	0.0	0.0	0.0	604.0	0.0	0.0	1810.6892020785576	172.2282189010566	0.0	0.0	0.0	174.08069783477396
2869551831_1	0.0	0.0	0.0	132.0	0.0	1109.4694732688665	0.0	0.0	61.02230868988842	0.0	0.0	0.0	326.0	1804.8993312658704	0.0	378.12412326765195	0.0	0.0	0.0	493.29947620413	783.0	73.14814116302601	0.0	446.4731641665451	0.0	0.0	0.0	0.0	389.53892899592626	0.0	0.0	236.2671190279731	0.0	2560.165703166585	0.0	157.62197706841206	0.0	0.0	0.0	274.85409896609093	2822.44494023681	0.0	0.0	209.81106093368857	0.0	714.4703316335417	364.0	3613.223407395444	0.0	0.0	759.8554241557924	0.0	796.0	0.0	0.0	0.0	0.0	946.4797762750784	1640.9566955167927	0.0	0.0	492.37384548323087	0.0	654.4222819125954	0.0	0.0	1028.8528929545391	0.0	0.0	0.0	631.632991853393	46.64144700580047	0.0	0.0	818.0	0.0	0.0	0.0	13.02328684609064	394.0	0.0	0.0	990.7345672158392	354.7078216586345	144.73811234467394	0.0	0.0	899.249942730235	645.9811844738892	19.204108166001202	204.38549219857117	0.0	0.0	0.0	0.0	607.0482330333311	3073.751385191699	0.0	382.9714183282703	0.0	0.0
2869551831_2	389.0	134.02121283496504	1324.5061677141605	0.0	0.0	0.0	506.0	0.0	490.0	0.0	0.0	0.0	0.0	0.0	127.6706254332581	0.0	0.0	429.6408194069207	665.6503955355641	3909.973474166202	0.0	0.0	0.0	0.0	0.0	348.6571883589307	126.37638251895464	0.0	0.0	798.2049237079862	324.5641830194044	369.8799240300496	0.0	0.0	154.42201844996418	0.0	0.0	0.0	135.0	0.0	0.0	465.0	0.0	0.0	0.0	376.47656784429256	735.2220621654658	0.0	0.0	0.0	306.21615274492484	158.0	0.0	0.0	27.0	0.0	0.0	0.0	0.0	3.512762082095801	109.28657656235977	0.0	0.0	0.0	0.0	0.0	0.0	19.144800308605195	120.935935137311	0.0	121.0	322.0	165.20491054078255	674.4027176599768	28.932442950509177	0.0	795.0	536.0	1255.1402239418533	0.0	404.0	0.0	0.0	354.9592725631875	0.0	33.21027600495453	0.0	479.04731276513485	40.52087451040662	0.0	0.0	0.0	0.0	0.0	0.0	259.4866735911039	137.0	491.0538693143915	88.18969027436765	28.733734828457045	905.0
2869551831_3	0.0	0.0	284.0	0.0	0.0	578.5139162814006	0.0	0.0	0.0	0.0	0.0	0.0	0.0	6.525034094832615	0.0	0.0	0.0	271.08473878332995	68.63480148865143	947.8212095265974	0.0	0.0	0.0	493.0	3455.794608328489	1627.7395960802546	378.5893871219766	0.0	0.0	99.63334716951239	258.0	0.0	394.77794276989084	0.0	610.0	173.12840125858224	502.10054525206976	0.0	0.0	452.63856738473277	0.0	0.0	0.0	0.0	0.0	0.0	0.0	0.0	0.0	0.0	707.0	1858.5041063663127	291.42914800185093	352.9277230639936	884.4151335935003	386.16216167463534	549.0963477142637	914.0	50.57922532428704	0.0	0.0	0.0	1879.1761527469464	0.0	14.961607611692541	333.0	222.13792963032526	611.0	1145.0261314522147	769.0	1969.8315413179412	1822.6204134667819	0.0	1145.506105654383	775.0	80.20985013021733	262.0	0.0	0.0	0.0	0.0	0.0	102.23439801947562	0.0	0.0	0.0	1246.1454026460485	286.0	0.0	0.0	59.82403623817487	1411.4870028717785	912.3644264229125	0.0	0.0	0.0	333.2716485264006	126.84452712931625	0.0	0.0	1969.1031188140712
2869551831_4	0.0	0.0	995.0879291106247	448.0	227.3078947163516	10.930042460802323	0.0	0.0	317.97308519332177	17.403270356986	0.0	51.0892303211229	4628.9727211855125	0.0	0.0	223.2486389332075	0.0	0.0	0.0	0.0	335.48436338731693	783.0	0.0	0.0	0.0	0.0	0.0	0.0	175.5249841927338	0.0	0.0	2095.2351299433117	3371.115328820142	0.0	0.0	0.0	0.0	0.0	0.0	0.0	717.0	0.0	160.45336209449297	233.0	884.0	258.0	0.0	0.0	0.0	168.0	0.0	0.0	337.1512434488814	309.4456693488113	247.9403021977762	0.0	1982.6988979648625	0.0	0.0	113.12982653082003	0.0	453.97516859076643	564.0	0.0	103.29324388676527	0.0	0.0	0.0	3204.4914513079407	0.0	451.4640631495765	0.0	66.4607169520419	0.0	0.0	0.0	0.0	100.171127982036	0.0	0.0	0.0	638.2770930155195	277.0	0.0	728.2636287594873	0.0	0.0	747.0	0.0	111.70944193818038	0.0	0.0	0.0	0.0	55.125750536271	0.0	0.0	0.0	52.501471912543934	0.0	72.0
2869551831_5	402.1776965985492	0.0	0.0	0.0	609.1023030902082	645.132741360732	454.0	695.0	178.9516337999185	0.0	0.0	440.5441825859176	347.39660680140423	0.0	0.0	0.0	0.0	0.0	1730.3932475084328	1560.2398222422696	24.7235487689083	1174.2952688209728	0.0	0.0	0.0	258.65116185189265	660.0	637.0	621.0	0.0	0.0	0.0	217.8254210152545	131.12799702360277	0.0	0.0	74.49395033198897	0.0	0.0	1649.8969781103392	327.995097305464	144.0	220.6548141789268	110.06829302757309	0.0	3125.4112592323604	0.0	202.46486804070582	1287.1437779039607	169.658935911749	0.0	0.0	163.46852872954952	47.038256996440175	0.0	812.0	0.0	314.6234538942462	0.0	0.0	0.0	0.0	0.0	1539.4724029111214	500.86985338578035	178.57342021963674	0.0	0.0	0.0	409.31889881076063	370.9430398329001	1262.80540287338	663.2716665801562	482.0	0.0	11.289818350949293	0.0	0.0	1455.927891957435	1066.6101343601047	0.0	0.0	21.494703700912602	95.80953190232538	0.0	0.0	0.0	336.0	13.00907133342655	3388.9185285803765	0.0	0.0	0.0	0.0	0.0	172.8533733321967	0.0	31.0	314.4694059648845	0.0	1895.6451822133458
2869551831_6	0.0	0.0	0.0	0.0	0.0	0.0	0.0	103.79796713574171	24.0	0.0	0.0	0.0	0.0	585.0	0.0	0.0	163.95498577154723	693.7909036910498	0.0	414.56157410496166	0.0	2779.774069925664	0.0	0.0	0.0	274.83586024767925	0.0	0.0	0.0	122.03296320166184	0.0	0.0	340.65266886379555	0.0	369.0	0.0	0.0	0.0	0.0	1903.0281863663201	0.0	0.0	104.82671715868317	0.0	0.0	0.0	1352.8554072973361	0.0	0.0	531.433461021442	347.57557657023705	0.0	368.0	0.0	0.0	0.0	0.0	0.0	0.0	128.0953490623831	54.368172502221825	0.0	0.0	512.4526029698385	0.0	0.0	1427.445731927581	248.204210283677	0.0	0.0	0.0	0.0	0.0	115.0	0.0	0.0	743.0	61.76115753253117	0.0	3.481755159623906	850.0	0.0	29.009328280656277	40.18156243994028	1179.8242060308733	0.0	0.0	0.0	34.56733943269984	0.0	0.0	0.0	3945.9357359666024	0.0	0.0	0.0	1312.1865476060134	0.0	0.0	694.2159842064907	30.72748457437131
2870168456	0.0	235.74723570977173	176.0	0.0	0.0	1547.148461914904	0.0	0.0	415.39959093455735	977.3184285670883	41.65857949988564	316.0	224.16681790732838	1166.235997945077	0.0	0.0	0.0	0.0	126.0568049006259	803.9150433587606	0.0	0.0	699.0	509.8126631678189	0.0	0.0	0.0	501.0	0.0	0.0	0.0	167.0	0.0	0.0	176.4923790407913	0.0	2377.787611530339	0.0	0.0	0.0	971.0	2713.896870228192	0.0	53.624600256510256	0.0	0.0	684.3150556720957	0.0	0.0	402.0	0.0	0.0	339.93886386195123	357.4860140165337	0.0	2080.1015335010966	146.0	0.0	0.0	0.0	0.0	0.0	0.0	0.0	37.10881320748381	552.8625517987724	0.0	0.0	0.0	0.0	0.0	0.0	29.950474222303228	47.02895438013157	0.0	918.0	280.6303627510008	477.4173470190643	0.0	0.0	275.0	0.0	0.0	0.0	355.16199445493504	0.0	0.0	129.36858880471576	0.0	0.0	0.0	212.1432355672619	42.82413230577255	471.0	0.0	2166.4577875108685	0.0	0.0	0.0	75.18832139036962	0.0
2870168456_1	0.0	0.0	573.3508098003955	0.0	0.0	452.01973706890936	142.44296584155362	0.0	0.0	0.0	824.5996488088556	0.0	0.0	0.0	0.0	0.0	311.224453803271	443.9605962593095	64.64578013852021	41.541953436534044	184.66028565278108	185.16990148624097	0.0	0.0	0.0	0.0	190.6809688259387	0.0	0.0	0.0	0.0	0.0	97.0	0.0	0.0	0.0	406.6797233248771	0.0	528.623967498126	0.0	0.0	0.0	18.218358695256132	0.0	0.0	1525.546258041613	722.0	385.47365502507466	0.0	0.0	0.0	449.0	0.0	0.0	83.97546718876202	0.0	0.0	0.0	0.0	0.0	343.0	1495.0151884592926	0.0	0.0	16.643058066981318	0.0	192.13088358247205	519.0	88.64821625439431	0.0	0.0	1350.4210555301188	508.6353269481741	0.0	831.345426328562	0.0	1404.0464079389676	0.0	2806.3152296092435	8.111894358308891	0.0	0.0	715.0	0.0	1946.5009271721306	0.0	160.68766501491805	0.0	596.7417677605216	0.0	0.0	587.0286255394064	0.0	0.0	238.64850926386765	0.0	394.02391262660194	0.0	0.0	518.0	0.0
2870173549	44.281525151798284	282.89471521089223	0.0	0.0	0.0	0.0	1888.2935865229952	0.0	1049.8063054732424	0.0	2044.328009130633	807.1366221666236	0.0	372.0	320.0	0.0	0.0	0.0	0.0	0.0	0.0	7112.679875854855	2072.7867579673953	221.18760342340312	77.34453533065228	0.0	455.0	0.0	0.0	0.0	0.0	58.057541416830595	0.0	0.0	3091.0221119734965	123.52450000638943	0.0	780.0	637.0	0.0	0.0	123.75519985170946	0.0	53.0	325.2113138154621	0.0	187.6725580675423	16.0	0.0	326.6795757109481	18.0	0.0	0.0	1875.45599239433	0.0	291.4376036759105	0.0	0.0	75.9611817448048	0.0	100.63828104832793	0.0	0.0	0.0	0.0	0.0	0.0	4032.1089697473008	0.0	67.98064087416864	0.0	0.0	0.0	2066.310627979144	654.7561780487355	0.0	0.0	0.0	3248.746979476884	0.0	57.57872781764903	216.49662964351563	1620.9117001006678	0.0	0.0	0.0	0.0	0.0	544.0	0.0	81.74890900117484	307.0	0.0	320.0	282.4589527904938	167.01743812247344	0.0	0.0	4982.122246583816	520.843930949861	77.0
2870173549_1	0.0	0.0	0.0	450.0	0.0	197.0	0.0	175.07420396826916	13.219669940638086	0.0	0.0	0.0	971.0	0.0	481.89125166093396	0.0	0.0	0.0	5748.945148970571	213.1899672029784	553.0	0.0	771.0	0.0	472.6674738202048	2724.343742756534	0.0	228.64037459144356	73.4430679447493	0.0	0.0	1036.0282527902734	946.0	0.0	513.2617451182216	36.96573453984109	0.0	277.21890626227855	0.0	0.0	0.0	0.0	519.0	0.0	1659.2064402277804	0.0	0.0	94.2441917365186	0.0	0.0	58.98949239017159	516.3757500804921	0.0	910.0	0.0	412.88282952165736	204.66078320315142	308.2892193729447	0.0	925.0	0.0	0.0	0.0	0.0	0.0	0.0	43.586725195948546	0.0	0.0	0.0	0.0	0.0	0.0	0.0	379.38512362360456	666.0	0.0	0.0	410.44205409363263	0.0	0.0	0.0	180.0	0.0	153.35914989482873	0.0	0.0	0.0	212.30564943850868	0.0	0.0	0.0	0.0	0.0	858.9462874632221	0.0	0.0	77.0	0.0	0.0	0.0
2870304146	480.01117692310584	0.0	0.0	0.0	678.0	406.0	0.0	991.8979699092777	0.0	2253.236057093291	79.10260987144967	4.5944949944856655	910.3993505139352	32.8669786818152	156.9049489033371	0.0	0.0	0.0	388.0	1120.8660624435386	653.8400694331383	987.0	0.0	0.0	211.0	0.0	0.0	0.0	0.0	0.0	310.4979923144623	1483.0254233755522	159.0	382.5958530659966	0.0	0.0	0.0	0.0	0.0	0.0	0.0	834.6122131620102	0.0	0.0	0.0	0.0	66.11912004269816	0.0	0.0	0.0	0.0	678.3006209203794	718.4351400656059	599.0	0.0	522.0	0.0	1404.7867418639767	0.0	0.0	0.0	175.0493103060966	0.0	0.0	1505.961514054601	0.0	203.61712512408255	208.19126979975348	0.0	3352.178518899036	1451.0980997527245	0.0	0.0	0.0	86.0	384.8448387990049	0.0	533.8594888734987	0.0	0.0	0.0	708.0	0.0	356.4246182538394	0.0	0.0	881.3041245715817	0.0	45.8882293616108	0.0	0.0	52.948199501954555	523.1910463594114	0.0	0.0	0.0	0.0	53.46024388806217	5278.450284943237	0.0	367.1487274835392
2870304146_1	0.0	0.0	0.0	0.0	0.0	0.0	0.0	0.0	0.0	393.0	0.0	954.0	0.0	0.0	0.0	0.0	832.0	0.0	0.0	0.0	1342.1483151058019	399.57089878658434	0.0	0.0	0.0	0.0	0.0	0.0	0.0	0.0	72.67112236089021	0.0	0.0	0.0	0.0	0.0	0.0	753.0	0.0	0.0	0.0	0.0	860.8188537404825	0.0	600.89365292625	0.0	485.7360340231908	0.0	0.0	0.0	0.0	23.161728002879265	520.0	1666.800626973904	0.0	0.0	168.7201187962422	0.0	0.0	0.0	0.0	0.0	0.0	776.4529684710724	0.0	314.0	0.0	0.0	0.0	2017.567019273935	0.0	64.18901717325251	0.0	707.0	0.0	0.0	0.0	70.10856487211635	0.0	0.0	0.0	5.520990637360695	0.0	0.0	0.0	0.0	158.89560274681457	0.0	271.86039410451025	0.0	0.0	91.49287762510541	125.50541094173145	57.21268215786416	0.0	943.0	900.6808076919338	640.0	0.0	870.0	2423.589310630575
2870304146_2	0.0	233.22936839544815	0.0	0.0	0.0	0.0	0.0	0.0	0.0	19.969035100196848	0.0	892.0	1952.0296040542644	0.0	0.0	206.0	412.0	0.0	157.5154920633187	0.0	710.5385298654602	0.0	0.0	280.99099435746643	502.03496547251103	828.5553503032917	0.0	0.0	412.0	0.0	0.0	0.0	511.02920293104967	196.14076305292105	0.0	0.0	681.6090006509456	493.2019431769725	410.3288036294146	0.0	170.0208800848495	924.4964479192367	0.0	2651.4234590320934	0.0	393.3861993456641	236.4204498166422	0.0	0.0	402.0	0.0	993.0823287433358	0.0	0.0	249.13828258215855	105.0	120.0	310.0	900.926199822782	0.0	1805.0922492738302	0.0	0.0	0.0	454.53075838015235	365.0	615.0	0.0	0.0	2779.8247584599703	508.7177473305237	112.8560717850785	0.0	0.0	558.0398581248792	552.0	0.0	134.9498625440056	298.5620403300831	0.0	0.0	0.0	890.9085152233616	0.0	0.0	0.0	541.3544710000588	0.0	208.40219628871296	479.7199883418559	657.0	273.0731920546861	0.0	2306.4744615823292	0.0	0.0	0.0	722.6544694374245	0.0	435.4469085501447	0.0
2870304146_3	194.27388975714425	0.0	898.3136140550372	0.0	612.0	226.37619097848912	264.505162142049	0.0	0.0	0.0	1185.1198028998595	0.0	0.0	0.0	0.0	0.0	0.0	0.0	1542.3839941116275	0.0	0.0	0.0	44.74544228007146	113.11111961460723	1962.6202698533898	0.0	0.0	0.0	0.0	0.0	113.66725748598955	0.0	68.21184492247562	322.0470431791949	0.0	0.0	0.0	0.0	0.0	332.5804486932781	0.0	0.0	0.0	398.5959289632814	442.3452853199123	0.0	0.0	0.0	127.96646055829049	914.9136670238368	826.9777971733415	1021.9392418375331	0.0	0.0	0.0	176.30108154465134	1749.5240289758488	0.0	0.0	372.69756752410945	575.5227073937506	251.0	0.0	0.0	0.0	237.90028463268516	72.0	114.80916414860606	58.254232740428655	0.0	0.0	30.976834189428732	165.15565355906728	340.93306437219684	0.0	0.0	81.78845994352682	0.0	0.0	0.0	326.58664055781617	0.0	0.0	537.7819763953869	0.0	0.0	0.0	0.0	0.0	0.0	0.0	0.0	0.0	0.0	0.0	0.0	0.0	856.8581477586023	180.0	0.0	0.0
2870304146_4	752.0	330.0	0.0	432.20970708005984	56.363140168696724	0.0	0.0	395.21624144284635	0.0	833.0	0.0	1488.4614225602431	0.0	0.0	0.0	0.0	984.1940167958356	0.0	0.0	0.0	0.0	0.0	0.0	825.8081393202143	1037.3576213544945	1478.6329992528174	0.0	0.0	40.87479731781376	0.0	3173.3237578465905	0.0	0.0	0.0	0.0	781.0	0.0	0.0	0.0	786.0375378636681	0.0	0.0	249.68988759753256	0.0	0.0	0.0	537.0	0.0	793.0	371.2477172634072	0.0	1719.4765028644251	0.0	0.0	1070.4741001552436	16.632669725119758	70.71971107712065	0.0	0.0	0.0	1041.6403245170504	0.0	0.0	769.8718249350519	0.0	0.0	674.185146313344	0.0	187.95855799370082	597.2299056599343	0.0	1038.5827296913578	0.0	0.0	430.20531086731626	102.84707004294788	210.22515570565454	0.0	0.0	12.361017293512047	45.66862498621153	0.0	0.0	1144.3114790419831	0.0	0.0	456.1070169168235	0.0	0.0	0.0	268.83192177015513	0.0	2700.4708183543794	0.0	818.0	0.0	0.0	1204.2452931188575	0.0	1441.6944070852635	0.0
2870304146_5	1084.9284090718597	1841.519966921419	1134.9724529818366	250.996951205307	46.05688853227424	0.0	0.0	1.0	70.3347544817319	0.0	0.0	197.0	383.0	0.0	0.0	1056.9915710376113	0.0	152.0	0.0	190.16992967848915	147.46438525736255	0.0	0.0	0.0	1086.4514402997029	466.2798759910896	0.0	0.0	0.0	2640.3343699537245	0.0	443.21818032892736	0.0	0.0	329.0	0.0	0.0	0.0	0.0	572.0	0.0	0.0	124.38267096582985	0.0	207.1959027104487	0.0	0.0	0.0	413.40517225293763	929.0	0.0	0.0	2479.6639481952875	5977.248897887151	0.0	0.0	0.0	0.0	0.0	162.46308794741614	0.0	0.0	185.44475893449388	276.7950622656659	29.502835289583025	728.0	0.0	1134.6395456398543	0.0	0.0	1653.2370726133702	0.0	0.0	0.0	204.92144415695083	0.0	0.0	10231.889416691194	483.0	0.0	101.51206036478595	96.46943337241856	0.0	213.0731379964062	0.0	0.0	0.0	609.5803272774885	1745.2835802110417	679.0	0.0	0.0	1112.7276067612122	0.0	569.0	0.0	384.0	0.0	806.0	0.0	725.1845034099625
2870304146_6	0.0	0.0	0.0	0.0	2977.8674150739616	0.0	0.0	0.0	423.0	0.0	588.0	0.0	0.0	251.53881380655585	212.63017393467325	3741.6594641367815	1324.6318209776434	657.0	1260.8689190689004	1963.4870720729068	0.0	0.0	148.7923623549539	0.0	579.3236274889563	0.0	0.0	480.55110360958486	0.0	2712.926808186701	0.0	0.0	0.0	0.0	873.0	135.7790698582114	0.0	510.793990119911	374.66668361254995	0.0	0.0	0.0	1228.3225303938996	117.39133282171251	0.0	28.447145437190933	0.0	0.0	298.61826596571893	280.30100865622427	1247.266497672209	0.0	0.0	0.0	367.0	0.0	0.0	0.0	13.065490869405952	0.0	0.0	45.49662777461102	0.0	1221.1179387229126	313.50679960923776	198.53627328120325	0.0	318.15968093852337	0.0	96.45614186858677	0.0	0.0	0.0	0.0	827.0	0.0	0.0	0.0	0.0	144.65788658101002	331.14673758332424	0.0	75.72340855064915	0.0	120.32786969637381	49.48294776213088	189.91529782594984	108.1420886350612	0.0	480.4500957649325	0.0	761.0	0.0	0.0	0.0	0.0	0.0	0.0	0.0	216.0	0.0
2870304146_7	0.0	473.30333486279477	0.0	0.0	0.0	218.84426241507416	27.0	0.0	0.0	269.4772372346683	0.0	0.0	2177.453437119301	0.0	0.0	429.72870815259927	0.0	146.0	1399.1570213219716	0.0	609.5674851409544	132.5328945671276	0.0	0.0	0.0	897.0	0.0	459.0	0.0	0.0	408.0	0.0	22.50338065891008	0.0	139.40427240138	0.0	391.220986269241	0.0	24.125025576399114	961.0	0.0	0.0	0.0	32.608652154473845	0.0	0.0	368.05222515058296	283.5887539587415	0.0	0.0	0.0	0.0	0.0	0.0	189.7611431841289	232.32817418590722	0.0	0.0	0.0	0.0	597.4749845012784	0.0	0.0	784.3197343818198	0.0	513.122243203259	0.0	163.0	0.0	0.0	904.0442167799647	156.0	468.0739396892056	0.0	0.0	0.0	20.729038053924334	0.0	0.0	0.0	335.33162375810804	0.0	164.7554036335409	858.0	0.0	0.0	639.6102814870574	0.0	0.0	0.0	0.0	2038.7810087140824	0.0	527.902991215979	0.0	0.0	0.0	0.0	636.7908785339208	948.0	262.20565227212177
2870593509	0.0	262.3022484626817	602.1573292045599	2296.007353951241	1574.3099241050095	0.0	0.0	0.0	327.43163273535026	0.0	0.0	243.0	112.0	0.0	0.0	69.08825678879688	967.0358955389142	0.0	935.3337321448662	0.0	0.0	12.71124057583851	0.0	0.0	0.0	0.0	189.4247323381513	0.0	8595.730167623435	0.0	0.0	248.79698253288387	0.0	7614.461264233067	0.0	197.9062814268383	16.650937008780936	0.0	0.0	0.0	3609.9926484558973	894.0	0.0	50.979076585064256	0.0	0.0	210.99536083414293	0.0	344.53860487790655	0.0	0.0	257.1832908336801	0.0	293.50964332814686	0.0	0.0	1649.2544491848964	0.0	470.2670435083849	260.98373371701473	0.0	0.0	24.468836273714366	652.0	0.0	0.0	1550.060442990268	272.0	877.0	0.0	0.0	0.0	0.0	0.0	0.0	0.0	0.0	0.0	0.0	0.0	3940.4408663338854	0.0	0.0	0.0	1270.6089612378544	0.0	275.7193454393727	65.40139532459462	0.0	0.0	0.0	0.0	0.0	127.0	54.03849611072275	0.0	1071.3223628465053	0.0	223.18291813995899	0.0	887.836717350199
2870593509_1	2476.897094904349	0.0	29.0	0.0	909.0	0.0	0.0	0.0	0.0	0.0	0.0	116.30640297482923	59.79126154270774	0.0	0.0	0.0	0.0	1302.161728625884	0.0	73.25563877093909	0.0	0.0	4553.2208400339405	1016.75945720296	0.0	0.0	561.0	709.8253342689409	943.4495185167126	0.0	0.0	1277.8634023258278	0.0	0.0	0.0	197.32612694889974	0.0	0.0	0.0	121.0	354.45942704664304	1211.4187778881894	706.3935348405679	0.0	708.7820841166756	0.0	0.0	0.0	1015.7794439397037	0.0	4392.593856824043	0.0	0.0	0.0	0.0	0.0	440.0	381.6035971025326	0.0	163.0	0.0	0.0	140.0762400586251	399.0	0.0	0.0	441.0	327.0	117.0	0.0	0.0	635.0	255.0	309.40520094942775	81.0	0.0	0.0	91.67173481998037	0.0	0.0	0.0	56.0	0.0	1420.5117215305934	822.0	591.0	0.0	56.08412165364242	651.5577599836541	157.87540226762832	0.0	0.0	199.68239726938808	0.0	523.7336464429427	50.521665941267216	350.0	92.54927941604221	822.0	0.0	0.0
2870593509_2	95.94696266149751	0.0	0.0	0.0	0.0	0.0	123.34210534796388	320.32788260962866	0.0	0.0	0.0	465.0	0.0	0.0	371.18258714091684	122.7022301103729	0.0	0.0	0.0	932.7795001739631	0.0	468.0	362.78676272087995	0.0	400.0	0.0	87.0	655.0	0.0	0.0	0.0	0.0	0.0	0.0	412.0	0.0	0.0	0.0	0.0	0.0	83.2134465060751	0.0	0.0	31.790759174544426	0.0	144.0	0.0	0.0	317.78580460624977	0.0	409.93178176602356	0.0	0.0	300.8414539343377	2597.5979402215708	0.0	0.0	0.0	470.4379038856637	0.0	0.0	0.0	0.0	0.0	1034.2241789861748	0.0	0.0	0.0	0.0	104.17083765952528	0.0	0.0	0.0	0.0	0.0	0.0	0.0	1.9524807141011733	0.0	0.0	77.5341644190782	0.0	0.0	0.0	0.0	40.923272280352435	644.0	0.0	394.0	0.0	0.0	0.0	0.0	336.6403136794861	0.0	0.0	0.0	0.0	255.28327350002743	0.0	0.0
2870593509_3	811.4513767162825	575.1700987811229	0.0	6.951059368050394	0.0	0.0	0.0	0.0	0.0	318.06666085043804	0.0	0.0	103.92811860540512	0.0	0.0	0.0	0.0	0.0	148.54211851671718	0.0	0.0	257.1940652313739	0.0	0.0	0.0	0.0	0.0	0.0	0.0	0.0	0.0	0.0	0.0	0.0	0.0	984.0	0.0	0.0	9.9047784693547	656.3930081381961	229.38173841453968	69.0	0.0	0.0	0.0	3586.7016408615364	0.0	0.0	3059.4638156287424	0.0	0.0	0.0	282.7793705931963	306.9774130056446	0.0	0.0	0.0	0.0	0.0	176.65520781287043	0.0	1518.773934523981	0.0	0.0	379.0	0.0	0.0	0.0	1624.0226340980844	0.0	0.0	0.0	0.0	527.5001308723514	1009.2898879918594	1515.6653108757237	0.0	0.0	0.0	0.0	0.0	1312.4383443862314	116.0	0.0	0.0	0.0	0.0	682.0	0.0	0.0	253.0	33.16088322930886	0.0	915.0876192908601	0.0	89.8648011116912	0.0	0.0	34.985934863033954	3970.6500809490753	66.98568214912221
2870628048	56.3542726317545	0.0	109.75484552107731	200.98869203879843	0.0	148.69792044589573	0.0	41.85706048272067	0.0	545.7809314711993	720.0	0.0	0.0	0.0	249.03338491708362	248.4591425377063	0.0	0.0	0.0	461.0	0.0	0.0	151.3419302819984	0.0	0.0	413.7267462334491	0.0	0.0	0.0	532.8850467365463	0.0	0.0	0.0	0.0	0.0	124.0	0.0	118.57339435502492	136.2183327223843	222.5729373935182	1088.361596080358	0.0	0.0	98.049412521263	0.0	1145.311900763733	0.0	0.0	205.0	631.2889362610431	0.0	0.0	0.0	1568.0887923767773	0.0	195.0	63.3559505781016	0.0	791.1456314407684	0.0	0.0	518.5932739055514	0.0	865.1114528643883	0.0	0.0	0.0	2212.9546362010306	0.0	0.0	0.0	0.0	0.0	0.0	0.0	0.0	0.0	0.0	541.2640179221522	0.0	5.784182082525194	0.0	0.0	3115.9414966010395	478.0	87.55053911532043	3440.5248846904556	81.3363377143112	0.0	689.5880135785346	0.0	0.0	0.0	0.0	0.0	894.3063443024669	0.0	0.0	100.01918739239889	0.0	0.0
2870628048_1	0.0	752.0	0.0	0.0	244.79685180219334	0.0	0.0	0.0	0.0	0.0	0.0	0.0	0.0	833.0058867926773	5952.685624193843	158.79703992369585	778.0323903446703	0.0	0.0	0.0	176.0	0.0	0.0	234.5225828572605	0.0	514.0	132.48876416677413	0.0	0.0	393.0	0.0	25.771019246769832	0.0	0.0	203.0	1230.4061255078884	463.09161936083143	0.0	0.0	0.0	0.0	0.0	0.0	71.0	340.57939340720975	0.0	0.0	344.0	0.0	88.01322579602602	0.0	0.0	0.0	0.0	0.0	2769.8364438902554	0.0	0.0	0.0	0.0	1966.2904132055648	1513.635184648359	0.0	0.0	85.67642540998115	0.0	303.8512039227327	0.0	646.801406697391	0.0	0.0	0.0	0.0	0.0	210.9578072156365	0.0	947.9289836689753	698.1951099375016	199.21170956306003	0.0	0.0	0.0	87.07059920290172	0.0	391.0	337.98269741422547	0.0	2341.6301702701157	0.0	611.0	0.0	775.5442766876092	0.0	0.0	0.0	0.0	383.93988080667816	0.0	0.0	0.0	1076.094612004876
